artist_name,artist_spid,artist_followers,artist_popularity,artist_genres,2016,2017,2018,2019,2021
2CELLOS,6Fi8CHfO8WGtu3yO8c2Mc4,779693.0,65.0,"['bow pop', 'cello', 'classify']",1,0,0,0,0
Agnes Obel,1rKrEdI6GKirxWHxIUPYms,627117.0,66.0,['chamber pop'],0,0,0,0,1
Alan Parsons,6HpZkC8GUktP9utE6OPWZG,180645.0,44.0,"['album rock', 'art rock', 'progressive rock', 'symphonic rock']",1,0,0,0,0
Alex Conde,34gsS5srfZEkRrwauF4Czj,227.0,1.0,['spanish jazz'],0,0,0,0,1
Alfa Mist,2i1CPudyCUjL50Wqjv8AMI,130385.0,55.0,"['british jazz', 'indie jazz', 'indie soul', 'neo r&b', 'uk contemporary jazz']",0,0,0,0,1
Alpha Blondy,41ekW4MXG59xJMXR8dX1OG,357847.0,61.0,"['african reggae', 'french reggae', 'reggae', 'roots reggae']",0,1,0,0,0
Amadou & Mariam,3KH7WsR2JZQ94Ik8SyabU6,146300.0,56.0,"['afrobeat', 'afropop', 'malian blues', 'mande pop', 'world']",0,0,0,1,0
Ana Belén,4NOZW7dBOmBMMAG9EGQd4t,245745.0,60.0,"['cancion melodica', 'cantautor', 'latin pop', 'nueva cancion', 'spanish pop', 'trova']",0,0,0,1,0
Anastacia,2siHvYaxjaW5rKVRiIrMYH,241301.0,64.0,"['dance pop', 'europop']",0,1,0,0,0
Andrea Motis,6CEcslhZk3A6cnin9neg5j,61660.0,49.0,"['jazz catala', 'spanish jazz']",0,0,0,1,0
Andrés Calamaro,3tAICgiSR5PfYY4B8qsoAU,1538807.0,73.0,"['argentine rock', 'cantautor', 'latin alternative', 'latin rock', 'pop argentino', 'rock en espanol']",0,0,0,1,0
Andrés Suárez,1AaN24tRzIpDKK54IRtdIe,121056.0,63.0,"['cantautor', 'spanish pop', 'spanish rock']",0,0,0,0,1
Angus & Julia Stone,4tvKz56Tr39bkhcQUTO0Xr,1089077.0,71.0,"['australian indie folk', 'indie folk', 'stomp and holler']",0,0,1,0,0
Antonio Sánchez,19KpCg8O15A2eZ416EyFdw,24230.0,47.0,['jazz drums'],1,0,0,0,0
Asaf Avidan,7t51dSX8ZkKC7VoKRd0lME,264307.0,62.0,"['israeli pop', 'israeli rock']",0,0,0,0,1
Awir Leon,68w52f6vaT0Xgy1WraRtyq,3340.0,31.0,[],0,0,0,0,1
Beirut,6pmxr66tMAePxzOLfjGNcX,843640.0,63.0,"['albuquerque indie', 'baroque pop', 'chamber pop', 'indie pop', 'indie rock', 'stomp and holler']",0,0,0,1,0
Belle & Sebastian,4I2BJf80C0skQpp1sQmA0h,508826.0,62.0,"['alternative rock', 'anti-folk', 'baroque pop', 'chamber pop', 'indie folk', 'indie pop', 'indie rock', 'melancholia', 'scottish indie', 'scottish rock', 'twee pop']",0,0,0,0,1
Ben Harper And The Innocent Criminals,7sJ9LR0mCMgFlzJ6Y9xP64,100935.0,51.0,['modern folk rock'],0,0,0,1,0
Benjamin Clementine,7zHIrsSBL7A0gEJfzv1m7z,250034.0,51.0,['art pop'],1,0,0,0,0
Beth Hart,30TrHDLNCKQVTYWOn9QqOC,253225.0,59.0,"['blues rock', 'electric blues', 'lilith', 'modern blues']",0,1,0,0,0
Beth Orton,6cLEWhEKQl6nAvgr60M7zC,99125.0,48.0,"['folk', 'folktronica', 'lilith', 'new wave pop', 'pop rock', 'singer-songwriter']",0,0,0,0,1
Billy Hart Quartet,6PQa6yAVcmwpTr2xPDrARo,246.0,3.0,[],0,0,1,0,0
Bokanté,14nSwnnRivPDPNGGOZjwk6,8309.0,25.0,[],0,1,0,0,0
Bomba Estéreo,5n9bMYfz9qss2VOW89EVs2,845508.0,67.0,"['cumbia', 'latin alternative', 'latin rock', 'pop electronico']",1,0,1,0,0
Bowie,6tZFNoHyrL9GSlEW1rXoxT,1197.0,30.0,[],1,0,0,0,0
Brad Mehldau,2vI9KFm0fwSfPrpEgOeIbq,148811.0,59.0,"['bebop', 'contemporary jazz', 'contemporary post-bop', 'cool jazz', 'jazz', 'jazz fusion', 'jazz piano', 'modern jazz piano']",1,0,1,0,0
British Murder Boys,2GHvHovCwFqoSUmIR8l16q,3417.0,14.0,['experimental techno'],0,0,1,0,0
Bryan Ferry,5RNFFojXkPRmlJZIwXeKQC,356837.0,62.0,"['album rock', 'art rock', 'dance rock', 'glam rock', 'melancholia', 'mellow gold', 'new romantic', 'new wave', 'new wave pop', 'rock', 'soft rock', 'sophisti-pop']",0,1,0,0,0
Buika,1gbXoccc8bjK8eUh92mILy,215678.0,54.0,"['flamenco', 'rumba']",0,1,0,0,0
Caetano Veloso,7HGNYPmbDrMkylWqeFCOIQ,1499669.0,73.0,"['bossa nova', 'mpb', 'samba de roda', 'tropicalia']",0,0,1,0,0
Calexico,1OmdWpAh1pucAuZPzJaxIJ,159310.0,54.0,"['alternative country', 'freak folk', 'indie rock', 'roots rock', 'stomp and holler', 'tucson indie']",0,0,1,0,0
Carlinhos Brown,5jvQoouPSDvUEwynz5KPpv,99290.0,55.0,"['axe', 'latin alternative', 'mpb', 'samba reggae']",0,0,0,0,1
Carlos Nuñez,3e09WanUMwtc9XfZRLvZ30,23803.0,39.0,"['balfolk', 'celtic', 'gaita', 'galician folk', 'spanish folk']",0,0,0,1,0
Carlos Vives,4vhNDa5ycK0ST968ek7kRr,4251475.0,76.0,"['champeta', 'colombian pop', 'latin', 'latin pop', 'tropical', 'vallenato']",0,0,1,0,0
Charles Lloyd,0GC1oqEWpiAjfE7jm5LQO5,23217.0,48.0,"['avant-garde jazz', 'bebop', 'contemporary jazz', 'contemporary post-bop', 'cool jazz', 'free jazz', 'italian jazz', 'jazz', 'jazz fusion', 'jazz quartet', 'jazz saxophone', 'vocal jazz']",0,0,1,0,0
Charlie Winston,7xQTON6uj7akAGzlanUzy3,83770.0,49.0,['uk alternative pop'],0,0,0,1,0
Chick Corea,5olDKSsFhhmwh8UCWwKtpq,245665.0,65.0,"['bebop', 'contemporary post-bop', 'cool jazz', 'ecm-style jazz', 'jazz', 'jazz funk', 'jazz fusion', 'jazz piano']",0,0,0,1,0
Chico Trujillo,6Hs8U0JO2nacXFG4kp15Co,188855.0,57.0,"['chicha', 'chilean rock', 'cumbia chilena', 'latin alternative', 'latin rock', 'nueva cancion']",1,0,0,0,0
Chucho Valdés,27mRThsZ9K1BYmz0rioxwp,60133.0,48.0,"['jazz cubano', 'jazz piano', 'latin jazz', 'musica tradicional cubana']",0,1,0,0,0
Cimafunk,28wtFivtmdKxFRfu57AhBe,21005.0,44.0,['cuban alternative'],0,0,0,0,1
Corinne Bailey Rae,29WzbAQtDnBJF09es0uddn,598187.0,69.0,"['british soul', 'neo mellow', 'neo soul', 'pop soul', 'soul']",0,0,1,0,0
Corizonas,3Jyx7BnfcTeK52GYGoI3BP,14390.0,27.0,['latin rock'],0,0,1,0,0
Cory Henry,21SOnTj5ECwVXeBUTRcP3s,110870.0,53.0,"['jazz organ', 'modern funk', 'neo r&b', 'neo soul', 'retro soul']",0,0,1,0,0
Crowded House,7ohlPA8dRBtCf92zaZCaaB,557127.0,69.0,"['australian pop', 'australian rock', 'dance rock', 'mellow gold', 'permanent wave', 'pop rock', 'rock']",0,0,0,0,1
Cymande,4hfcSstwnyuBoek1dQwLkG,126664.0,56.0,"['afrobeat', 'afropop', 'classic soul', 'electronica', 'funk', 'jazz funk', 'psychedelic soul', 'soul', 'world']",0,0,0,0,1
Cécile McLorin Salvant,6PkSULcbxFKkxdgrmPGAvn,61722.0,54.0,"['contemporary vocal jazz', 'jazz pop', 'vocal jazz']",1,0,1,0,1
Daryl Hall & John Oates,77tT1kLj6mCWtFNqiOmP9H,1407555.0,76.0,"['album rock', 'classic rock', 'folk rock', 'mellow gold', 'rock', 'soft rock', 'yacht rock']",0,0,0,1,0
David Byrne,20vuBdFblWUo2FCOvUzusB,246882.0,58.0,"['art pop', 'art punk', 'art rock', 'dance rock', 'permanent wave']",0,0,1,0,0
DePedro,3wpNKcE7grYUIRKCMpmBOb,68331.0,56.0,"['cantautor', 'latin rock', 'spanish indie pop', 'spanish rock']",0,0,1,0,0
Dead Capo,0R9DJNoLhTjylhR49xjg1C,588.0,4.0,[],0,0,0,1,0
Devendra Banhart,1YZEoYFXx4AxVv13OiOPvZ,507067.0,64.0,['freak folk'],0,1,0,0,0
Diego El Cigala,7mLYMGXg84miYydKwi2aRi,221257.0,63.0,"['flamenco', 'rumba']",0,0,0,1,1
Djavan,5rrmaoBXZ7Jcs4Qb77j0YA,1765116.0,69.0,"['bossa nova', 'mpb', 'musica alagoana']",0,1,0,0,0
Electric Light Orchestra,7jefIIksOi1EazgRTfW2Pk,2599489.0,76.0,"['album rock', 'art rock', 'beatlesque', 'bow pop', 'classic rock', 'folk rock', 'glam rock', 'mellow gold', 'rock', 'soft rock', 'symphonic rock']",1,0,0,0,0
Eliane Elias,4qKIiUdFND09cgGOc5kfoR,72399.0,55.0,"['adult standards', 'bossa nova', 'brazilian modern jazz', 'contemporary vocal jazz', 'jazz pop', 'lounge', 'piano mpb', 'vocal jazz']",0,1,0,0,0
Elvis Costello & The Imposters,2GfwNBU0jeY3MkaxjkoZzo,35018.0,22.0,[],0,0,1,0,0
Estrella Morente,5gKJbL392PiokTPUoL7N6D,121104.0,52.0,"['cante flamenco', 'flamenco', 'nuevo flamenco', 'pop flamenco', 'rumba']",0,0,0,0,1
Eva Ayllón,6AQFORISOneOZkh6r1sGS2,97212.0,54.0,"['classic peruvian pop', 'musica afroperuana', 'peruvian rock', 'pop peruano']",0,0,0,0,1
Film Symphony Orchestra,3yJxcCArS3cbrzLwc2Xr82,13722.0,39.0,[],0,1,0,0,0
Franco Battiato,4lianjyuR1tqf6oUX8kjrZ,368659.0,61.0,"['classic italian pop', 'experimental', 'italian adult pop']",0,1,0,0,0
Funambulista,16UAI1WxiKCIKd4NHtFt2U,103468.0,57.0,"['cantautor', 'latin arena pop', 'murcia indie', 'spanish pop', 'spanish rock']",0,0,1,0,0
Gary Clark Jr.,01aC2ikO4Xgb2LUpf9JfKp,745895.0,69.0,"['blues rock', 'electric blues', 'funk', 'modern blues rock', 'rock', 'soul blues', 'texas blues']",0,0,1,0,0
George Benson,4N8BwYTEC6XqykGvXXlmfv,484890.0,69.0,"['adult standards', 'disco', 'jazz funk', 'jazz guitar', 'motown', 'quiet storm', 'smooth jazz', 'soft rock', 'soul', 'soul jazz', 'yacht rock']",0,0,0,1,0
George Thorogood & The Destroyers,4n31svBA9GGIYxGxgrQaRK,572943.0,63.0,"['album rock', 'blues rock', 'classic rock', 'country rock', 'electric blues', 'hard rock', 'heartland rock', 'mellow gold', 'rock']",0,0,0,0,1
Giorgio Moroder,6jU2Tt13MmXYk0ZBv1KmfO,166104.0,58.0,"['disco', 'italian disco']",0,1,0,0,0
Gipsy Kings,3jc496ljiyrS3ECrD7QiqL,549959.0,69.0,"['flamenco', 'rumba', 'world']",0,1,0,0,1
Gloria Gaynor,6V6WCgi7waF55bJmylC4H5,579198.0,68.0,"['disco', 'europop']",1,0,0,0,0
Herbie Hancock,2ZvrvbQNrHKwjT7qfGFFUW,488521.0,63.0,"['bebop', 'contemporary post-bop', 'cool jazz', 'funk', 'instrumental funk', 'jazz', 'jazz funk', 'jazz fusion', 'jazz piano', 'soul', 'soul jazz']",0,0,0,0,1
Hindi Zahra,6QncudMSOiKxYRIKRDks6S,173412.0,57.0,['world'],0,0,0,1,0
Ibrahim Maalouf,0NSO0g40h9CTj13hKPskeb,207569.0,61.0,"['arabic jazz', 'french jazz', 'jazz trumpet']",1,0,0,0,0
Il Volo,0dE9ooTNz8iEKIKItRI66t,424503.0,60.0,"['italian progressive rock', 'operatic pop']",0,1,0,0,0
Imelda May,6AnjHMqEAps8VJdHU8RykH,131431.0,53.0,"['neo-rockabilly', 'rockabilly', 'swing']",0,0,0,0,1
Iseo & Dodosound,7dmbpbRfi5fEBqu9A9kwrc,116678.0,53.0,['reggae en espanol'],0,1,0,0,0
Isma Romero,5tGFnFD0dIxKMG8uuR9p89,3965.0,40.0,[],0,0,0,0,1
Ivan Ferreiro,3qUrABCNqnkb5gc2YmPVzP,187639.0,60.0,"['cantautor', 'latin rock', 'spanish indie pop', 'spanish pop', 'spanish rock']",0,0,0,1,0
JJ Machuca,5HV5YoINWiO98Oqtipy4Nt,217.0,8.0,[],0,0,0,0,1
James Rhodes,5CDonRtIeV3ZYeE8nFjBUh,73822.0,49.0,"['british classical piano', 'classical piano']",0,0,1,0,0
Jamie Cullum,3XxxEq6BREC57nCWXbQZ7o,429264.0,65.0,"['adult standards', 'contemporary vocal jazz', 'jazz pop', 'lounge', 'neo mellow', 'vocal jazz']",0,1,0,0,0
Jane Birkin,4XYH5Be5pn1qkxhfaID3J5,89307.0,55.0,"['chanson', 'french pop']",0,0,0,1,0
Javier Ruibal,2BGKgfF1cNY6KyfTfS3sVE,18265.0,36.0,"['cantautor', 'flamenco', 'rumba']",0,0,0,0,1
Jeff Beck,0AD4odMWVQ2wUSlgxOB5Rl,491637.0,58.0,"['album rock', 'art rock', 'blues', 'blues rock', 'british blues', 'classic rock', 'country rock', 'electric blues', 'hard rock', 'instrumental rock', 'jazz fusion', 'psychedelic rock', 'rock', 'symphonic rock']",0,0,1,0,0
Jessie J,2gsggkzM5R49q6jpPvazou,8278302.0,77.0,"['dance pop', 'pop', 'pop dance', 'pop rap', 'post-teen pop']",0,0,0,0,1
Joan Manuel Serrat,1t7t8q4zoYHp22JLIx3FM7,734392.0,65.0,"['cantautor', 'nova canco', 'nueva cancion', 'spanish pop', 'trova']",0,0,1,0,0
John Grant,3TScZ6zJkavDy0tqoGqiCf,98728.0,48.0,"['chamber pop', 'chamber psych', 'freak folk']",0,0,0,0,1
John McLaughlin,4v0R1feRiuCDch7aAheVhY,79189.0,51.0,"['british jazz', 'contemporary post-bop', 'jazz funk', 'jazz fusion', 'jazz guitar']",1,0,0,0,0
John Pizzarelli,5Yc3oYPNlABAj17eZiNJqf,17933.0,40.0,"['contemporary vocal jazz', 'jazz guitar', 'vocal jazz']",0,1,0,0,0
John Scofield,14RXohtx6NiBGFTW8IdmAK,123929.0,53.0,"['contemporary jazz', 'cool jazz', 'jazz', 'jazz blues', 'jazz funk', 'jazz fusion', 'jazz guitar', 'soul jazz']",1,0,0,0,0
Jorge Drexler,4ssUf5gLb1GBLxi1BhPrVt,579649.0,69.0,"['cantautor', 'latin afrobeat', 'latin alternative', 'latin rock', 'nueva cancion', 'rock en espanol']",1,0,0,0,0
Joshua Redman,3uaHfXYx9Fh4HjqMbrWn5S,76005.0,50.0,"['bebop', 'contemporary jazz', 'contemporary post-bop', 'cool jazz', 'hard bop', 'indie jazz', 'jazz', 'jazz funk', 'jazz fusion', 'jazz saxophone', 'straight-ahead jazz', 'vocal jazz']",0,0,1,0,0
José James,4l2MwXYwUDQKHcUXwCZjEz,107102.0,55.0,"['belgian modern jazz', 'contemporary vocal jazz', 'funk', 'indie jazz', 'indie soul', 'neo soul', 'soul', 'vocal jazz']",0,0,0,1,0
Juanes,0UWZUmn7sybxMCqrw9tGa7,3162834.0,79.0,"['colombian pop', 'latin', 'latin pop', 'mexican pop', 'pop', 'rock en espanol', 'tropical']",0,0,0,1,0
Karenn,4XbegMt5bk2X8R6b8z0vaX,12708.0,30.0,"['bass music', 'experimental techno', 'float house', 'minimal dub', 'modular techno', 'outsider house']",0,0,1,0,0
Keane,53A0W3U0s8diEn9RhXQhVz,2129901.0,74.0,"['neo mellow', 'piano rock', 'pop rock', 'rock']",0,0,0,1,0
Kiki Morente,2cyGMEu14p4ITUF98O6ooR,4915.0,31.0,['nuevo flamenco'],0,0,0,0,1
Kim Ann Foxman,5G9mybyLYAE00Mhd3tTVNS,6202.0,28.0,['nu disco'],0,0,1,0,0
Kraftwerk,0dmPX6ovclgOy8WWJaFEUU,532563.0,59.0,"['art rock', 'dance rock', 'dusseldorf electronic', 'early synthpop', 'electro', 'krautrock', 'new romantic', 'new wave', 'proto-techno', 'synthpop']",0,0,1,0,0
Ky-Mani Marley,1XTGADISSMRf8B4TcVGYUC,276623.0,64.0,"['modern reggae', 'reggae', 'reggae fusion', 'roots reggae']",0,0,1,0,0
LP,0J7U24vlOOIeMpuaO6Q85A,1975280.0,73.0,"['la pop', ""women's music""]",0,0,0,1,1
La Barbería Del Sur,2dvZ2hSWWctLAlk2nrHjJH,10617.0,40.0,"['flamenco', 'pop flamenco', 'rumba']",0,0,0,0,1
La La Land,,,,,0,1,0,0,0
Les Amazones d'Afrique,6dHMq5KZ8ScqdzsCKGagdo,11507.0,26.0,"['afropop', 'world']",0,1,0,0,0
Little Dragon,6Tyzp9KzpiZ04DABQoedps,557649.0,68.0,"['alternative dance', 'alternative r&b', 'art pop', 'chillwave', 'downtempo', 'electronica', 'electropop', 'escape room', 'gothenburg indie', 'indie soul', 'indietronica', 'new rave', 'swedish electropop', 'swedish synthpop', 'trip hop']",0,0,0,0,1
Little Steven,4Pmlf0hZYXcoDSuaNrw23E,17897.0,38.0,"['pub rock', 'roots rock']",0,0,1,0,0
Loreena McKennitt,1JdeDdujDbS6ZeSlkXqx3a,326445.0,60.0,"['canadian celtic', 'celtic', 'medieval folk', 'new age', 'world']",0,0,0,1,0
Los Planetas,0N1TIXCk9Q9JbEPXQDclEL,129236.0,52.0,"['granada indie', 'indie catala', 'indie rock', 'latin rock', 'rock andaluz', 'spanish indie pop', 'spanish modern rock', 'spanish noise pop']",0,0,0,1,0
Los Secretos,2KEDbpUlz9nwtGywHT4gyf,259837.0,60.0,"['cantautor', 'latin arena pop', 'spanish new wave', 'spanish pop', 'spanish pop rock']",0,0,0,0,1
M83,63MQldklfxkjYDoUE4Tppz,1856930.0,74.0,"['french shoegaze', 'french synthpop', 'indietronica', 'metropopolis', 'neo-synthpop']",1,0,0,0,0
Macy Gray,4ylR3zwA0zaapAu94fktwa,489519.0,65.0,"['neo soul', 'pop rock']",0,0,0,1,0
Madeleine Peyroux,7nXyULtoL8k7wP9l6kg8Ef,328791.0,64.0,"['adult standards', 'contemporary vocal jazz', 'jazz pop', 'lounge', 'soul', 'vocal jazz']",0,1,0,0,0
Madness,4AYkFtEBnNnGuoo8HaHErd,510588.0,65.0,"['dance rock', 'new romantic', 'new wave', 'new wave pop', 'ska', 'ska revival']",0,0,0,1,0
Maria Creuza,2S5INEKtRSZPRx3JhjEZF5,29941.0,44.0,['bossa nova'],1,0,0,0,0
Marillion,7ai5TWiOG8g9Hds5AATS28,326735.0,61.0,"['album rock', 'art rock', 'classic rock', 'neo-progressive', 'progressive rock', 'soft rock', 'symphonic rock']",1,0,0,0,0
Mariza,65nZq8l5VZRG4X445F5kmN,211100.0,53.0,"['fado', 'portuguese pop']",1,0,0,0,0
Mark Guiliana,798TUNb6IfpsZzMkkzVGu1,23098.0,41.0,['jazztronica'],1,0,0,0,0
Masego,3ycxRkcZ67ALN3GQJ57Vig,773286.0,76.0,"['alternative r&b', 'indie soul']",0,0,0,1,0
Mayra Andrade,7uriYlc9ETgOg8VPFbdnbE,127764.0,57.0,"['afropop', 'morna', 'world']",0,0,0,0,1
Melody Gardot,2P1puQXmG48EVLBrHbum1J,494966.0,66.0,"['adult standards', 'contemporary vocal jazz', 'lounge', 'soul', 'vocal jazz']",1,0,0,1,0
Michael Bolton,6YHEMoNPbcheiWS2haGzkn,1139011.0,69.0,"['adult standards', 'soft rock']",0,0,0,1,0
Miguel Poveda,0BwjxWHTct80Qp5Xk7pxZj,139555.0,55.0,"['copla', 'flamenco', 'nuevo flamenco', 'rumba']",0,0,1,0,0
Milton Nascimento,3Bnq7jiU506HcPjRgQ43TM,520420.0,64.0,"['bossa nova', 'mpb', 'musica popular mineira', 'samba']",0,0,0,1,0
Miss Kittin,3QhNv79NoIvarU6N57GBzL,109397.0,49.0,"['alternative dance', 'dance-punk', 'electra', 'electroclash', 'electronica', 'french techno', 'new rave']",0,0,1,0,0
Molotov,27Owkm4TGlMqb0BqaEt3PW,1747209.0,69.0,"['latin alternative', 'latin hip hop', 'latin rock', 'mexican hip hop', 'mexican rock', 'rock en espanol']",1,0,0,0,0
Monsieur Periné,36KsCCwgI0Dep97yVJWmkK,390327.0,62.0,"['colombian pop', 'gypsy jazz', 'latin', 'latin alternative', 'latin pop', 'latin rock']",0,0,1,1,0
Nando Agüeros,6ABav84uUmY0ykSMNJ1bQ5,5372.0,35.0,['folk cantabria'],0,0,0,0,1
Niña Pastori,6UelqIK8qwhWFc2f6nSEh8,555056.0,64.0,"['flamenco', 'pop flamenco', 'rumba', 'spanish pop']",0,0,0,1,0
Norah Jones,2Kx7MNY7cI1ENniW7vT30N,2445047.0,77.0,"['adult standards', 'contemporary vocal jazz', 'jazz pop', 'neo mellow', 'vocal jazz']",0,0,1,0,0
O Sister!,6XmkIGYefmxBGWP3LtrAnY,3895.0,19.0,['modern swing'],0,0,0,1,0
Of Monsters and Men,4dwdTW1Lfiq0cM8nBAqIIz,3102204.0,74.0,"['folk-pop', 'indie pop', 'metropopolis', 'modern alternative rock', 'modern rock', 'pop rock', 'stomp and holler']",0,0,0,0,1
Orishas,2gKYxTUOqw9aPt7ljMwSHT,365259.0,61.0,"['conscious hip hop', 'cuban alternative', 'hip hop cubano', 'latin alternative', 'latin hip hop']",0,1,0,1,0
Oscar D'León,1c84wItoiAe1pEbpJMqUmQ,719465.0,61.0,"['latin', 'latin jazz', 'salsa', 'salsa venezolana', 'tropical']",0,0,0,0,1
Pablo Milanés,4vOfKh5wz7lTcdqB3EwsC5,340045.0,59.0,"['bolero cubano', 'cantautor', 'nueva cancion', 'trova']",0,1,0,0,0
Pat Metheny,3t58jfUhoMLYVO14XaUFLA,231533.0,58.0,"['avant-garde jazz', 'contemporary jazz', 'contemporary post-bop', 'cool jazz', 'jazz', 'jazz funk', 'jazz fusion', 'jazz guitar']",0,0,1,0,1
Patti Smith,0vYkHhJ48Bs3jWcvZXvOrP,721590.0,63.0,"['art punk', 'art rock', 'dance rock', 'folk rock', 'permanent wave', 'protopunk', 'rock']",1,0,0,0,0
Patáx,2BqUKBibADI54rpSuLi8NU,10301.0,23.0,['spanish jazz'],0,0,0,0,1
Paul Carrack,0FFuvdY7fuiuTmHN9unYoz,122348.0,56.0,"['adult standards', 'classic uk pop', 'mellow gold', 'neo soul', 'new wave pop', 'soft rock']",0,0,0,1,0
Phoenix,1xU878Z1QtBldR7ru9owdU,1658404.0,68.0,"['alternative dance', 'dance-punk', 'indie pop', 'indie rock', 'modern rock', 'new rave', 'rock independant francais']",0,0,1,0,0
Pink Martini,6KyUat70qaniuiZq63HzFZ,283019.0,63.0,"['adult standards', 'lounge', 'vocal jazz']",1,0,0,1,0
Quilapayún,76sZcEL2ZXBTqNeFJAhlup,87001.0,48.0,"['cantautor', 'chilean rock', 'musica andina', 'nueva cancion', 'trova']",1,0,0,0,0
Robert Plant,1OwarW4LEHnoep20ixRA0y,758682.0,60.0,"['album rock', 'art rock', 'blues rock', 'classic rock', 'hard rock', 'mellow gold', 'progressive rock', 'rock', 'roots rock', 'soft rock', 'symphonic rock', 'uk americana']",1,0,0,0,0
Rosendo,37zqX7euodV1GzIuIsbyoi,158.0,23.0,[],0,1,0,0,0
Rozalén,5soMpG6E6oApEiCZgrWeVz,519570.0,69.0,['spanish pop'],1,0,0,0,0
Rubén Blades,5BwMgvRwlq61SmknvsVIQj,786225.0,67.0,"['latin jazz', 'salsa', 'tipico', 'tropical']",0,1,0,0,0
Rufus T. Firefly,51Hx65ymA6pNWu8cTTXET1,24249.0,42.0,"['latin rock', 'rock alternativo espanol', 'spanish modern rock', 'spanish noise pop']",0,0,0,1,0
Rufus Wainwright,2PfBzriIMRsCXPDtSy9vg8,251497.0,60.0,"['canadian pop', 'chamber pop', 'melancholia', 'piano rock', 'singer-songwriter']",0,0,1,0,1
Russian Red,47wB3vlOd130dM3k5fADQw,182682.0,50.0,"['spanish indie folk', 'spanish indie pop']",0,0,0,1,0
Salif Keita,0VVnWF3KNaa5O7ESohKhAx,95678.0,52.0,"['afropop', 'malian blues', 'mande pop', 'world']",0,1,0,0,0
Salvador Sobral,0GfYO21pue5u0sVEYk9HZO,90139.0,48.0,['portuguese pop'],0,0,0,1,0
Seal,5GtMEZEeFFsuHY8ad4kOxv,1224063.0,68.0,"['british soul', 'soft rock']",1,0,0,0,0
Seu Jorge,0i1s9WcIu0PrUvHzALgofo,869029.0,69.0,"['mpb', 'samba', 'samba-rock']",0,0,1,0,0
Simple Minds,6hN9F0iuULZYWXppob22Aj,1230113.0,71.0,"['art rock', 'dance rock', 'mellow gold', 'new romantic', 'new wave', 'new wave pop', 'rock', 'scottish new wave', 'soft rock', 'synthpop']",0,0,1,0,0
Smith & Thell,1ZrBGJWLL8NiAjgNifCy90,56265.0,67.0,['swedish pop'],0,0,0,0,1
Snarky Puppy,7ENzCHnmJUr20nUjoZ0zZ1,486261.0,56.0,"['contemporary jazz', 'funk rock', 'jazz funk', 'jazz fusion', 'modern funk', 'progressive jazz fusion']",0,0,0,1,0
Steve Hackett,4vs7NIU7kZc2Efh6yOGKEZ,100281.0,48.0,"['album rock', 'art rock', 'instrumental rock', 'jazz fusion', 'neo-progressive', 'progressive metal', 'progressive rock', 'symphonic rock']",0,1,0,0,0
Steve Vai,32Jb1X3wSmmoHj2epZReZA,384762.0,54.0,"['instrumental rock', 'metal guitar', 'neo classical metal', 'shred']",1,0,0,0,0
Supersonic Blues Machine,4Q4I3c5ixM1EqJ9svcleRD,9469.0,31.0,"['modern blues', 'modern blues rock', 'modern hard rock']",0,0,0,1,0
Supertramp,3JsMj0DEzyWc0VDlHuy9Bx,2089339.0,74.0,"['album rock', 'art rock', 'classic rock', 'glam rock', 'mellow gold', 'piano rock', 'progressive rock', 'rock', 'soft rock']",0,1,0,1,0
Tank and The Bangas,5cAtakaadWHJLxmGKrKcX7,156159.0,50.0,"['indie soul', 'new orleans funk']",0,0,0,1,0
The Chieftains,6AnrSlk5Gp1YMXgaI3mWCL,70994.0,53.0,"['celtic', 'irish folk']",0,0,0,1,0
The Cinematic Orchestra,32ogthv0BdaSMPml02X9YB,497044.0,67.0,"['downtempo', 'electronica', 'ninja', 'nu jazz']",0,0,0,0,1
The Lumineers,16oZKvXb6WkQlVAjwo2Wbg,4148942.0,81.0,"['folk-pop', 'modern rock', 'stomp and holler']",1,0,0,0,0
The Paco De Lucia Sextet,539gaeexzlWHtNXOxz3QNN,6228.0,17.0,"['flamenco', 'flamenco guitar', 'rumba']",0,0,0,1,0
The Roots,78xUyw6FkVZrRAtziFdtdu,1007313.0,66.0,"['alternative hip hop', 'conscious hip hop', 'east coast hip hop', 'hardcore hip hop', 'hip hop', 'neo soul', 'philly rap', 'political hip hop', 'southern hip hop']",0,0,0,1,0
The Waterboys,5TnuP42pw475UrjjeabtwZ,178238.0,61.0,"['art rock', 'celtic rock', 'dance rock', 'new wave pop', 'rock', 'scottish new wave', 'scottish rock']",0,0,0,1,0
Tigran Hamasyan,0D3h8NZqNp7BN97JwtV6eW,97959.0,49.0,"['contemporary jazz', 'jazz piano', 'modern jazz piano']",0,0,0,0,1
Tom Jones,1T0wRBO0CK0vK8ouUMqEl5,537793.0,68.0,"['adult standards', 'british invasion', 'mellow gold']",0,0,0,0,1
Tomatito,3wxFXeuHQEq4NubZunCIMe,62352.0,57.0,"['flamenco', 'flamenco guitar', 'nuevo flamenco', 'rumba']",0,0,0,1,1
Tony Bennett,2lolQgalUvZDfp5vvVtTYV,610290.0,69.0,"['adult standards', 'easy listening', 'vocal jazz']",0,1,0,0,0
Tony Succar,17S2mEKDY4xHBWCy9kAPzk,35605.0,50.0,"['modern salsa', 'salsa peruana']",0,0,0,0,1
Toquinho,7rPqFVgJYARiFsLDlN6W6y,278820.0,67.0,"['bossa nova', 'mpb', 'samba', 'violao']",1,0,0,0,0
Toundra,3cgIU3hh7Y4pUsPgHB8aYT,38612.0,34.0,"['instrumental post-rock', 'post-rock', 'spanish post-rock', 'spanish progressive rock']",1,0,0,0,0
Trombone Shorty,37ZvFp654tY74Z1D2TLOGR,136013.0,52.0,"['funk', 'jazz trombone', 'modern funk', 'new orleans funk']",0,0,1,0,0
Tulsa,2gtVnbrVpID8VrotZPOg2a,25466.0,53.0,"['latin rock', 'spanish indie pop', 'spanish modern rock', 'spanish noise pop']",1,0,0,0,0
Twanguero,1qupsn74dUofcXCZCBEwMS,3728.0,31.0,['spanish folk rock'],0,0,0,1,1
UB40,69MEO1AADKg1IZrq2XLzo5,1628787.0,72.0,"['reggae', 'reggae fusion', 'uk reggae']",0,1,0,0,0
Vicente Garcia,2Otnykd696YidQYfEGVmNq,322499.0,65.0,"['bachata', 'dominican pop', 'latin', 'latin alternative', 'latin pop', 'reggae en espanol']",0,0,0,0,1
Vintage Trouble,72Pauuctba5lMzC89R0Vk0,107046.0,47.0,"['funk', 'modern blues rock']",0,0,0,0,1
Víctor Manuel,6cFqY5mkBqKqaIYunDg1k8,180418.0,57.0,"['cantautor', 'nueva cancion', 'spanish pop', 'trova']",0,0,0,0,1
Wilco,2QoU3awHVdcHS8LrZEKvSM,573751.0,65.0,"['alternative country', 'alternative rock', 'chicago indie', 'folk rock', 'indie pop', 'indie rock', 'pop rock', 'rock', 'roots rock', 'stomp and holler']",1,0,0,0,1
Woodkid,44TGR1CzjKBxSHsSEy7bi9,619431.0,66.0,['chamber pop'],0,0,0,0,1
Woody Allen,7HPDGnxb8oSBQ0HuNx2xqR,14522.0,30.0,['comedy'],0,0,0,1,0
Ximena Sariñana,7plUpXSFcSJUZSiZAoXqr1,991405.0,70.0,"['latin', 'latin alternative', 'latin pop', 'mexican pop']",0,0,0,1,0
Xoel López,59bV1Zv97BwGJYy6O2SvUx,79776.0,62.0,"['cantautor', 'latin rock', 'spanish indie pop', 'spanish rock']",1,0,0,0,0
Yann Tiersen,00sazWvoTLOqg5MFwC68Um,844261.0,70.0,"['bow pop', 'compositional ambient', 'french soundtrack']",0,0,0,0,1
Youssou N'Dour,77zlytAFjPFjUKda8TNIDY,110380.0,58.0,"['afropop', 'mande pop', 'mbalax', 'world']",0,0,0,0,1
Zahara,7uLePkJ2f0MwEcphODfkuu,176039.0,61.0,"['cantautor', 'latin rock', 'spanish indie pop', 'spanish pop', 'spanish rock']",0,0,0,1,0
Zenet,2s7td67DdtSXTx2TGzs01i,60448.0,49.0,"['cantautor', 'flamenco', 'rumba']",0,0,0,0,1
Zoé,6IdtcAwaNVAggwd6sCKgTI,3301298.0,76.0,"['latin alternative', 'latin rock', 'mexican rock', 'morelos indie', 'rock en espanol']",0,0,1,0,0
Zucchero,2KftmGt9sk1yLjsAoloC3M,560552.0,66.0,"['classic italian pop', 'italian adult pop', 'italian pop rock']",0,0,0,0,1
